{
  "generated_at": "2026-07-04T14:39:52.139Z",
  "iteration": 1,
  "coverage_pct": 88,
  "distinct_gaps": 85,
  "onsetFrequency": {
    "m": 468,
    "b": 267,
    "t": 396,
    "s": 133,
    "n": 407,
    "h": 109,
    "f": 25,
    "g": 226,
    "d": 219,
    "w": 44,
    "l": 64,
    "k": 85,
    "j": 6,
    "y": 50,
    "ch": 27,
    "p": 8,
    "sh": 13,
    "th": 7,
    "v": 1,
    "r": 7
  },
  "vowelFrequency": {
    "i": 608,
    "a": 771,
    "o": 343,
    "e": 684,
    "u": 156,
    "ee": 2,
    "oy": 1
  },
  "rhyme_family_share": {
    "stop_iu": 0.4179337231968811,
    "stop_a": 0.08966861598440545,
    "cvc": 0.3200779727095517,
    "stop_e": 0.11617933723196881,
    "fairly_safe": 0.050292397660818715,
    "difficult": 0.0050682261208577,
    "other": 0.0007797270955165692
  },
  "rhyme_family_targets": {
    "stop_a": 0.25,
    "stop_e": 0.15,
    "glide_h": 0.1
  },
  "avg_phonetic_ease": 0.7966716366471743,
  "avg_flattened_syllables": 1.3426900584795323,
  "root_token_count": 2565,
  "onset_tier_share": {
    "very_safe": 0.9414519906323185,
    "fairly_safe": 0.05035128805620609,
    "difficult": 0.00507416081186573
  },
  "avg_phonetic_score": 0.7966716366471743,
  "top_join_patterns": [
    [
      "no",
      "hu",
      96
    ],
    [
      "mi",
      "ta",
      58
    ],
    [
      "mi",
      "no",
      57
    ],
    [
      "hu",
      "to",
      44
    ],
    [
      "mi",
      "sa",
      41
    ],
    [
      "mi",
      "nes",
      36
    ],
    [
      "hu",
      "ba",
      28
    ],
    [
      "gi",
      "nan",
      17
    ],
    [
      "dan",
      "gi",
      17
    ],
    [
      "be",
      "ta",
      15
    ],
    [
      "be",
      "sak",
      14
    ],
    [
      "dan",
      "ta",
      14
    ]
  ],
  "quality": {
    "tokens": {
      "pass": 3684,
      "soft": 0,
      "hard": 127
    },
    "pass_phrases": 882,
    "soft_phrases": 0,
    "hard_phrases": 118
  }
}
